<?xml version="1.0" encoding="utf-8"?>
<!--
 ~ Copyright (c) 2005-2010, WSO2 Inc. (http://www.wso2.org) All Rights Reserved.
 ~
 ~ WSO2 Inc. licenses this file to you under the Apache License,
 ~ Version 2.0 (the "License"); you may not use this file except
 ~ in compliance with the License.
 ~ You may obtain a copy of the License at
 ~
 ~    http://www.apache.org/licenses/LICENSE-2.0
 ~
 ~ Unless required by applicable law or agreed to in writing,
 ~ software distributed under the License is distributed on an
 ~ "AS IS" BASIS, WITHOUT WARRANTIES OR CONDITIONS OF ANY
 ~ KIND, either express or implied.  See the License for the
 ~ specific language governing permissions and limitations
 ~ under the License.
 -->
<assembly>
    <id>WSO2 Identity Server - Bin</id>
    <formats>
        <format>zip</format>
    </formats>
    <includeBaseDirectory>false</includeBaseDirectory>
    <fileSets>
        <fileSet>
            <directory>target/wso2carbon-core-${carbon.kernel.version}</directory>
            <outputDirectory>wso2is-${pom.version}</outputDirectory>
            <excludes>
                <exclude>**/*.sh</exclude>
                <exclude>**/wso2server.bat</exclude>
                <exclude>**/axis2services/sample01.aar</exclude>
                <exclude>**/axis2services/Echo.aar</exclude>
                <exclude>**/axis2services/Version.aar</exclude>
                <exclude>**/pom.xml</exclude>
                <exclude>**/version.txt</exclude>
                <exclude>**/README*</exclude>
                <exclude>**/carbon.xml</exclude>
                <exclude>**/axis2/*</exclude>
                <exclude>**/LICENSE.txt</exclude>
                <exclude>**/release-notes.html</exclude>
                <exclude>**/claim-config.xml</exclude>
                <exclude>**/tomcat/catalina-server.xml</exclude>
                <exclude>**/registry.xml</exclude>
                <exclude>**/email/email-admin-config.xml</exclude>
                <exclude>**/dbscripts/**</exclude>
                <exclude>**/security/authenticators.xml</exclude>
                <exclude>**/java2wsdl.sh</exclude>
                <exclude>**/java2wsdl.bat</exclude>
                <exclude>**/wsdl2java.bat</exclude>
                <exclude>**/wsdl2java.sh</exclude>
                <exclude>**/tcpmon-1.0.jar</exclude>
                <exclude>**/tcpmon.sh</exclude>
                <exclude>**/tcpmon.bat</exclude>
            </excludes>
        </fileSet>

        <fileSet>
            <directory>target/wso2carbon-core-${carbon.kernel.version}</directory>
            <outputDirectory>wso2is-${pom.version}</outputDirectory>
            <excludes>
                <exclude>**/wso2server.bat</exclude>
                <exclude>**/wsdl2java.sh</exclude>
                <exclude>**/java2wsdl.sh</exclude>
                <exclude>**/tcpmon.sh</exclude>
            </excludes>
            <includes>
                <include>**/*.sh</include>
            </includes>
            <fileMode>755</fileMode>
        </fileSet>

        <fileSet>
            <directory>../p2-profile-gen/target/wso2carbon-core-${carbon.kernel.version}/modules</directory>
            <outputDirectory>${pom.artifactId}-${pom.version}/modules</outputDirectory>
            <includes>
                <include>**/**</include>
            </includes>
        </fileSet>

        <fileSet>
            <directory>../jaggery-apps/user-dashboard/dashboard</directory>
            <outputDirectory>${pom.artifactId}-${pom.version}/repository/deployment/server/jaggeryapps/dashboard
            </outputDirectory>
            <includes>
                <include>**/**</include>
            </includes>
        </fileSet>

        <fileSet>
            <directory>../jaggery-apps/portal</directory>
            <outputDirectory>${pom.artifactId}-${pom.version}/repository/deployment/server/jaggeryapps/portal
            </outputDirectory>
            <includes>
                <include>**/**</include>
            </includes>
        </fileSet>

        <fileSet>
            <directory>target/wso2carbon-core-${carbon.kernel.version}/dbscripts</directory>
            <outputDirectory>${pom.artifactId}-${pom.version}/dbscripts</outputDirectory>
            <excludes>
                <exclude>informix.sql</exclude>
            </excludes>
        </fileSet>

        <fileSet>
            <directory>
                ../p2-profile-gen/target/wso2carbon-core-${carbon.kernel.version}/repository/conf/
            </directory>
            <outputDirectory>wso2is-${pom.version}/repository/conf/identity</outputDirectory>
            <includes>
                <include>**/krb5.conf</include>
                <include>**/jaas.conf</include>
            </includes>
        </fileSet>


        <fileSet>
            <directory>
                ../p2-profile-gen/target/wso2carbon-core-${carbon.kernel.version}/repository/conf/identity/identity-providers
            </directory>
            <outputDirectory>wso2is-${pom.version}/repository/conf/identity/identity-providers</outputDirectory>
            <includes>
                <include>**/**</include>
            </includes>
        </fileSet>
        <fileSet>
            <directory>
                ../p2-profile-gen/target/wso2carbon-core-${carbon.kernel.version}/repository/conf/identity/service-providers
            </directory>
            <outputDirectory>wso2is-${pom.version}/repository/conf/identity/service-providers</outputDirectory>
            <includes>
                <include>**/**</include>
            </includes>
        </fileSet>

        <!--<fileSet>
            <directory>
                ../p2-profile-gen/target/wso2carbon-core-${carbon.kernel.version}/repository/conf/identity
            </directory>
            <outputDirectory>wso2is-${pom.version}/repository/conf/identity</outputDirectory>
            <includes>
                <include>**/*.xml</include>
            </includes>
        </fileSet>-->

        <fileSet>
            <directory>
                ../p2-profile-gen/target/wso2carbon-core-${carbon.kernel.version}/repository/resources/identity/ldif
            </directory>
            <outputDirectory>wso2is-${pom.version}/repository/resources/identity/ldif</outputDirectory>
            <includes>
                <include>identityPerson.ldif</include>
                <include>scimPerson.ldif</include>
                <include>wso2Person.ldif</include>
            </includes>
        </fileSet>
        <fileSet>
            <directory>
                ../p2-profile-gen/target/wso2carbon-core-${carbon.kernel.version}/repository/resources/identity/authntemplates
            </directory>
            <outputDirectory>wso2is-${pom.version}/repository/resources/identity/authntemplates</outputDirectory>
            <includes>
                <include>**/*.json</include>
            </includes>
        </fileSet>

        <!-- copy the landing page webapp -->
        <fileSet>
            <directory>lib/home</directory>
            <outputDirectory>
                ${pom.artifactId}-${pom.version}/repository/deployment/server/webapps/STRATOS_ROOT
            </outputDirectory>
        </fileSet>

        <!--copy jaxrs web app for SCIM feature-->
        <fileSet>
            <directory>
                ../p2-profile-gen/target/wso2carbon-core-${carbon.kernel.version}/repository/deployment/server/webapps
            </directory>
            <outputDirectory>${pom.artifactId}-${pom.version}/repository/deployment/server/webapps</outputDirectory>
            <includes>
                <include>wso2.war</include>
            </includes>
        </fileSet>

        <!--copy jaxrs web app for SCIM2 feature-->
        <fileSet>
            <directory>
                ../p2-profile-gen/target/wso2carbon-core-${carbon.kernel.version}/repository/deployment/server/webapps
            </directory>
            <outputDirectory>${pom.artifactId}-${pom.version}/repository/deployment/server/webapps</outputDirectory>
            <includes>
                <include>scim2.war</include>
            </includes>
        </fileSet>

        <!--copy jaxrs web app for OAuth feature-->
        <fileSet>
            <directory>
                ../p2-profile-gen/target/wso2carbon-core-${carbon.kernel.version}/repository/deployment/server/webapps
            </directory>
            <outputDirectory>${pom.artifactId}-${pom.version}/repository/deployment/server/webapps</outputDirectory>
            <includes>
                <include>oauth2.war</include>
            </includes>
        </fileSet>
        <fileSet>
            <directory>
                ../p2-profile-gen/target/wso2carbon-core-${carbon.kernel.version}/repository/deployment/server/webapps
            </directory>
            <outputDirectory>${pom.artifactId}-${pom.version}/repository/deployment/server/webapps</outputDirectory>
            <includes>
                <include>api#identity#oauth2#v1.0.war</include>
            </includes>
        </fileSet>
        <fileSet>
            <directory>
                ../p2-profile-gen/target/wso2carbon-core-${carbon.kernel.version}/repository/deployment/server/webapps
            </directory>
            <outputDirectory>${pom.artifactId}-${pom.version}/repository/deployment/server/webapps</outputDirectory>
            <includes>
                <include>api#identity#oauth2#dcr#v1.1.war</include>
            </includes>
        </fileSet>


        <!--copy jaxrs web app for Mex feature-->
        <fileSet>
            <directory>
                ../p2-profile-gen/target/wso2carbon-core-${carbon.kernel.version}/repository/deployment/server/webapps
            </directory>
            <outputDirectory>${pom.artifactId}-${pom.version}/repository/deployment/server/webapps</outputDirectory>
            <includes>
                <include>mexut.war</include>
            </includes>
        </fileSet>

        <!--copy web app for application authentication feature -->
        <fileSet>
            <directory>
                ../p2-profile-gen/target/wso2carbon-core-${carbon.kernel.version}/repository/deployment/server/webapps
            </directory>
            <outputDirectory>${pom.artifactId}-${pom.version}/repository/deployment/server/webapps</outputDirectory>
            <includes>
                <include>authenticationendpoint.war</include>
            </includes>
        </fileSet>

        <!--copy web app for entitlement endpoint feature -->
        <fileSet>
            <directory>
                ../p2-profile-gen/target/wso2carbon-core-${carbon.kernel.version}/repository/deployment/server/webapps
            </directory>
            <outputDirectory>${pom.artifactId}-${pom.version}/repository/deployment/server/webapps</outputDirectory>
            <includes>
                <include>api#identity#entitlement.war</include>
            </includes>
        </fileSet>

        <!--copy jaxrs web app for consent management feature-->
        <fileSet>
            <directory>
                ../p2-profile-gen/target/wso2carbon-core-${carbon.kernel.version}/repository/deployment/server/webapps
            </directory>
            <outputDirectory>${pom.artifactId}-${pom.version}/repository/deployment/server/webapps</outputDirectory>
            <includes>
                <include>api#identity#consent-mgt#v1.0.war</include>
            </includes>
        </fileSet>


        <!--copy  web app for UMA 2.0 permission endpoint feature-->
        <fileSet>
            <directory>
                ../p2-profile-gen/target/wso2carbon-core-${carbon.kernel.version}/repository/deployment/server/webapps
            </directory>
            <outputDirectory>${pom.artifactId}-${pom.version}/repository/deployment/server/webapps</outputDirectory>
            <includes>
                <include>api#identity#oauth2#uma#permission#v1.0.war</include>
            </includes>
        </fileSet>

        <!--copy  web app for UMA 2.0 resource endpoint feature-->
        <fileSet>
            <directory>
                ../p2-profile-gen/target/wso2carbon-core-${carbon.kernel.version}/repository/deployment/server/webapps
            </directory>
            <outputDirectory>${pom.artifactId}-${pom.version}/repository/deployment/server/webapps</outputDirectory>
            <includes>
                <include>api#identity#oauth2#uma#resourceregistration#v1.0.war</include>
            </includes>
        </fileSet>

        <fileSet>
            <directory>
                ../p2-profile-gen/target/wso2carbon-core-${carbon.kernel.version}/repository/deployment/server/webapps
            </directory>
            <outputDirectory>${pom.artifactId}-${pom.version}/repository/deployment/server/webapps</outputDirectory>
            <includes>
                <include>api#health-check#v1.0.war</include>
            </includes>
        </fileSet>

        <!--copy the oauth2 grant type extensions -->
        <fileSet>
            <directory>../oauth2-grant-types/target/oauth2GrantCopied/jar</directory>
            <outputDirectory>${pom.artifactId}-${pom.version}/repository/components/dropins</outputDirectory>
        </fileSet>


        <!--copy the social authenticator jars Facebook,Google,Windows-Live,Yahoo.-->
        <fileSet>
            <directory>../social-authenticators/target/socialauthenticatorCopied/jar</directory>
            <outputDirectory>${pom.artifactId}-${pom.version}/repository/components/dropins</outputDirectory>
        </fileSet>

        <!--Copy the outbound authenticator jars OIDC, Passive-STS.-->
        <fileSet>
            <directory>../authenticators/target/authenticatoroutboundCopied/jar</directory>
            <outputDirectory>${pom.artifactId}-${pom.version}/repository/components/dropins</outputDirectory>
        </fileSet>

        <!--copy provisioning-connector jars SPML,Google,Salesforce,SCIM .-->
        <fileSet>
            <directory>../provisioning-connectors/target/provisioningconnectorCopied/jar</directory>
            <outputDirectory>${pom.artifactId}-${pom.version}/repository/components/dropins</outputDirectory>
        </fileSet>

        <!--copy local-authenticator jars BaiscAuth,IWA,FIDO .-->
        <fileSet>
            <directory>../local-authenticators/target/localauthenticatorCopied/jar</directory>
            <outputDirectory>${pom.artifactId}-${pom.version}/repository/components/dropins</outputDirectory>
        </fileSet>

        <!--copy the authentication jars for totp, x509, emailotp, smsotp, office365 and twitter authenticators-->
        <fileSet>
            <directory>../connectors/target/authenticatorCopied/jar</directory>
            <outputDirectory>${pom.artifactId}-${pom.version}/repository/components/dropins</outputDirectory>
        </fileSet>

        <!--copy web apps for for totp, smsotp and emailotp authenticators-->
        <fileSet>
            <directory>../connectors/target/authenticatorCopied/war</directory>
            <outputDirectory>${pom.artifactId}-${pom.version}/repository/deployment/server/webapps</outputDirectory>
        </fileSet>

        <!--copy web app for identity management feature -->
        <fileSet>
            <directory>
                ../p2-profile-gen/target/wso2carbon-core-${carbon.kernel.version}/repository/deployment/server/webapps
            </directory>
            <outputDirectory>${pom.artifactId}-${pom.version}/repository/deployment/server/webapps</outputDirectory>
            <includes>
                <include>accountrecoveryendpoint.war</include>
            </includes>
        </fileSet>


        <!--copy web app for identity recovery feature -->
        <fileSet>
            <directory>
                ../p2-profile-gen/target/wso2carbon-core-${carbon.kernel.version}/repository/deployment/server/webapps
            </directory>
            <outputDirectory>${pom.artifactId}-${pom.version}/repository/deployment/server/webapps</outputDirectory>
            <includes>
                <include>api#identity#recovery#v0.9.war</include>
            </includes>
        </fileSet>

        <!--copy web app for identity recovery feature -->
        <fileSet>
            <directory>
                ../p2-profile-gen/target/wso2carbon-core-${carbon.kernel.version}/repository/deployment/server/webapps
            </directory>
            <outputDirectory>${pom.artifactId}-${pom.version}/repository/deployment/server/webapps</outputDirectory>
            <includes>
                <include>api#identity#user#v1.0.war</include>
            </includes>
        </fileSet>

        <!--copy shindig war  -->
        <fileSet>
            <directory>
                ../p2-profile-gen/target/wso2carbon-core-${carbon.kernel.version}/repository/deployment/server/webapps
            </directory>
            <outputDirectory>wso2is-${pom.version}/repository/deployment/server/webapps
            </outputDirectory>
            <includes>
                <include>shindig.war</include>
            </includes>
        </fileSet>

        <!--Multitenancy related file -->
        <fileSet>
            <directory>
                ../p2-profile-gen/target/wso2carbon-core-${carbon.kernel.version}/repository/conf/multitenancy/
            </directory>
            <outputDirectory>${pom.artifactId}-${pom.version}/repository/conf/multitenancy</outputDirectory>
            <includes>
                <include>**/stratos.xml</include>
                <include>**/multitenancy-packages.xml</include>
                <include>**/usage-throttling-agent-config.xml</include>
                <include>**/cloud-services-desc.xml</include>
            </includes>
        </fileSet>

        <fileSet>
            <directory>
                ../p2-profile-gen/target/wso2carbon-core-${carbon.kernel.version}/repository/conf/multitenancy/
            </directory>
            <outputDirectory>${pom.artifactId}-${pom.version}/repository/conf</outputDirectory>
            <includes>
                <include>**/tenant-mgt.xml</include>
            </includes>
        </fileSet>

        <fileSet>
            <directory>../styles/service/src/main/resources/web/styles/css</directory>
            <outputDirectory>${pom.artifactId}-${pom.version}/resources/allthemes/Default/admin</outputDirectory>
            <includes>
                <include>**/**.css</include>
            </includes>
        </fileSet>

        <fileSet>
            <directory>../styles/service/src/main/resources/web/styles/images</directory>
            <outputDirectory>${pom.artifactId}-${pom.version}/resources/allthemes/Default/images</outputDirectory>
            <includes>
                <include>**/**.gif</include>
                <include>**/**.png</include>
            </includes>
        </fileSet>

        <fileSet>
            <directory>conf/policies</directory>
            <outputDirectory>wso2is-${pom.version}/repository/resources/identity/policies/xacml/default
            </outputDirectory>
        </fileSet>

        <!-- copying runtimes -->
        <fileSet>
            <directory>../p2-profile-gen/target/wso2carbon-core-${carbon.kernel.version}/lib/runtimes</directory>
            <outputDirectory>${pom.artifactId}-${pom.version}/lib/runtimes/</outputDirectory>
            <excludes>
                <exclude>*/httpclient*</exclude>
                <exclude>*/httpcore*</exclude>
                <exclude>*/commons-logging*</exclude>
            </excludes>
        </fileSet>
        <fileSet>
            <directory>../p2-profile-gen/target/wso2carbon-core-${carbon.kernel.version}/lib/runtimes</directory>
            <outputDirectory>${pom.artifactId}-${pom.version}/lib/runtimes/</outputDirectory>
            <includes>
                <include>*/httpcore-nio*</include>
            </includes>
        </fileSet>

        <fileSet>
            <directory>../p2-profile-gen/target/wso2carbon-core-${carbon.kernel.version}/dbscripts/bps</directory>
            <outputDirectory>${pom.artifactId}-${pom.version}/dbscripts/bps</outputDirectory>
        </fileSet>
        <fileSet>
            <directory>
                ../p2-profile-gen/target/wso2carbon-core-${carbon.kernel.version}/dbscripts/metrics/
            </directory>
            <outputDirectory>wso2is-${pom.version}/dbscripts/metrics</outputDirectory>
            <includes>
                <include>**/*.sql</include>
            </includes>
            <fileMode>644</fileMode>
            <directoryMode>775</directoryMode>
        </fileSet>
        <fileSet>
            <directory>
                ../p2-profile-gen/target/wso2carbon-core-${carbon.kernel.version}/repository/conf/data-bridge
            </directory>
            <outputDirectory>wso2is-${pom.version}/repository/conf/data-bridge</outputDirectory>
            <includes>
                <include>**/**</include>
            </includes>
        </fileSet>
        <fileSet>
            <directory>
                ../p2-profile-gen/target/wso2carbon-core-${carbon.kernel.version}/repository/deployment/server/eventpublishers
            </directory>
            <outputDirectory>wso2is-${pom.version}/repository/deployment/server/eventpublishers</outputDirectory>
            <includes>
                <include>**/**.xml</include>
            </includes>
        </fileSet>
        <fileSet>
            <directory>
                ../p2-profile-gen/target/wso2carbon-core-${carbon.kernel.version}/repository/deployment/server/eventstreams
            </directory>
            <outputDirectory>wso2is-${pom.version}/repository/deployment/server/eventstreams</outputDirectory>
            <includes>
                <include>**/**.json</include>
            </includes>
        </fileSet>
        <fileSet>
            <directory>
                ../p2-profile-gen/target/wso2carbon-core-${carbon.kernel.version}/repository/deployment/server/siddhiapps
            </directory>
            <outputDirectory>wso2is-${pom.version}/repository/deployment/server/siddhiapps</outputDirectory>
            <includes>
                <include>**/*.siddhi</include>
            </includes>
        </fileSet>
        <fileSet>
            <directory>
                ../p2-profile-gen/target/wso2carbon-core-${carbon.kernel.version}/dbscripts/consent/
            </directory>
            <outputDirectory>wso2is-${pom.version}/dbscripts/consent</outputDirectory>
            <includes>
                <include>**/*.sql</include>
            </includes>
            <fileMode>644</fileMode>
            <directoryMode>775</directoryMode>
        </fileSet>

        <fileSet>
            <directory>
                ../p2-profile-gen/target/wso2carbon-core-${carbon.kernel.version}/dbscripts/identity/uma/
            </directory>
            <outputDirectory>wso2is-${pom.version}/dbscripts/identity/uma</outputDirectory>
            <includes>
                <include>**/*.sql</include>
            </includes>
            <fileMode>644</fileMode>
            <directoryMode>775</directoryMode>
        </fileSet>

        <fileSet>
            <directory>target/forget-me/identity-anonymization-tool-${forgetme.tool.version}</directory>
            <outputDirectory>wso2is-${pom.version}/repository/components/tools/forget-me</outputDirectory>
            <excludes>
                <exclude>**/forgetme.sh</exclude>
                <exclude>**/forgetme.bat</exclude>
                <exclude>**/config.json</exclude>
                <exclude>conf/sql/**</exclude>
                <exclude>conf/datasources/**</exclude>
                <exclude>conf/product-config/**</exclude>
                <exclude>conf/streams/**</exclude>
            </excludes>
            <fileMode>644</fileMode>
        </fileSet>
        <fileSet>
            <directory>target/forget-me/identity-anonymization-tool-${forgetme.tool.version}/conf/sql/identity/</directory>
            <outputDirectory>wso2is-${pom.version}/repository/components/tools/forget-me/conf/sql/identity</outputDirectory>
            <fileMode>644</fileMode>
        </fileSet>
        <fileSet>
            <directory>target/forget-me-webapp/</directory>
            <outputDirectory>wso2is-${pom.version}/repository/deployment/server/webapps/</outputDirectory>
            <includes>
                <include>forgetme#v1.0.war</include>
            </includes>
            <fileMode>644</fileMode>
        </fileSet>

        <!--Copy scope validator to dropins dropins.-->
        <fileSet>
            <directory>
                ../p2-profile-gen/target/wso2carbon-core-${carbon.kernel.version}/resources/components/dropins/</directory>
            <outputDirectory>${pom.artifactId}-${pom.version}/repository/components/dropins</outputDirectory>
            <fileMode>644</fileMode>
        </fileSet>
    </fileSets>

    <files>
        <file>
            <source>../../README.txt</source>
            <outputDirectory>wso2is-${pom.version}</outputDirectory>
            <filtered>true</filtered>
            <fileMode>644</fileMode>
        </file>
        <file>
            <source>../../LICENSE.txt</source>
            <outputDirectory>wso2is-${pom.version}</outputDirectory>
            <filtered>true</filtered>
            <fileMode>644</fileMode>
        </file>
        <file>
            <source>../../release-notes.html</source>
            <outputDirectory>wso2is-${pom.version}</outputDirectory>
            <filtered>true</filtered>
            <fileMode>644</fileMode>
        </file>
        <file>
            <source>target/wso2carbon-core-${carbon.kernel.version}/bin/README.txt</source>
            <outputDirectory>wso2is-${pom.version}/bin/</outputDirectory>
            <filtered>true</filtered>
            <fileMode>644</fileMode>
        </file>
        <file>
            <source>target/wso2carbon-core-${carbon.kernel.version}/bin/version.txt</source>
            <outputDirectory>wso2is-${pom.version}/bin/</outputDirectory>
            <filtered>true</filtered>
            <fileMode>644</fileMode>
        </file>
        <file>
            <source>target/wso2carbon-core-${carbon.kernel.version}/repository/conf/carbon.xml</source>
            <outputDirectory>wso2is-${pom.version}/repository/conf/</outputDirectory>
            <filtered>true</filtered>
        </file>
        <file>
            <source>target/wso2carbon-core-${carbon.kernel.version}/repository/conf/axis2/axis2.xml
            </source>
            <outputDirectory>wso2is-${pom.version}/repository/conf/axis2/</outputDirectory>
            <filtered>true</filtered>
            <fileMode>644</fileMode>
        </file>
        <file>
            <source>target/wso2carbon-core-${carbon.kernel.version}/repository/conf/axis2/axis2_client.xml
            </source>
            <outputDirectory>wso2is-${pom.version}/repository/conf/axis2/</outputDirectory>
            <filtered>true</filtered>
            <fileMode>644</fileMode>
        </file>
        <file>
            <source>target/wso2carbon-core-${carbon.kernel.version}/repository/conf/axis2/tenant-axis2.xml
            </source>
            <outputDirectory>wso2is-${pom.version}/repository/conf/axis2/</outputDirectory>
            <filtered>true</filtered>
            <fileMode>644</fileMode>
        </file>
        <file>
            <source>
                ../p2-profile-gen/target/wso2carbon-core-${carbon.kernel.version}/repository/conf/tomcat/webapp-classloading.xml
            </source>
            <outputDirectory>${pom.artifactId}-${pom.version}/repository/conf/tomcat</outputDirectory>
            <filtered>true</filtered>
            <fileMode>644</fileMode>
        </file>
        <file>
            <source>
                ../p2-profile-gen/target/wso2carbon-core-${carbon.kernel.version}/repository/conf/tomcat/webapp-classloading-environments.xml
            </source>
            <outputDirectory>${pom.artifactId}-${pom.version}/repository/conf/tomcat</outputDirectory>
            <filtered>true</filtered>
            <fileMode>644</fileMode>
        </file>
        <file>
            <source>
                ../p2-profile-gen/target/wso2carbon-core-${carbon.kernel.version}/repository/conf/tomcat/context.xml
            </source>
            <outputDirectory>${pom.artifactId}-${pom.version}/repository/conf/tomcat</outputDirectory>
            <filtered>true</filtered>
            <fileMode>644</fileMode>
        </file>
        <!--file>
            <source>
                ../p2-profile-gen/target/wso2carbon-core-${carbon.kernel.version}/repository/conf/tomcat/catalina-server.xml
            </source>
            <outputDirectory>${pom.artifactId}-${pom.version}/repository/conf/tomcat</outputDirectory>
            <filtered>true</filtered>
            <fileMode>644</fileMode>
        </file-->
        <file>
            <source>
                ../p2-profile-gen/target/wso2carbon-core-${carbon.kernel.version}/repository/conf/security/authenticators.xml
            </source>
            <outputDirectory>${pom.artifactId}-${pom.version}/repository/conf/security</outputDirectory>
            <filtered>true</filtered>
            <fileMode>644</fileMode>
        </file>
        <file>
            <source>target/wso2carbon-core-${carbon.kernel.version}/repository/conf/README</source>
            <outputDirectory>wso2is-${pom.version}/repository/conf/</outputDirectory>
            <filtered>true</filtered>
            <fileMode>644</fileMode>
        </file>
        <file>
            <source>target/wso2carbon-core-${carbon.kernel.version}/bin/wso2server.bat</source>
            <outputDirectory>wso2is-${pom.version}/bin/</outputDirectory>
            <filtered>true</filtered>
            <fileMode>644</fileMode>
        </file>
        <file>
            <source>conf/card.jpg</source>
            <outputDirectory>wso2is-${pom.version}/repository/conf/</outputDirectory>
            <fileMode>644</fileMode>
        </file>
        <file>
            <source>
                ../p2-profile-gen/target/wso2carbon-core-${carbon.kernel.version}/repository/conf/identity/saml1-assertion-config.xml
            </source>
            <outputDirectory>wso2is-${pom.version}/repository/conf/identity</outputDirectory>
            <fileMode>644</fileMode>
        </file>
        <file>
            <source>
                ../p2-profile-gen/target/wso2carbon-core-${carbon.kernel.version}/repository/conf/registry.xml
            </source>
            <outputDirectory>wso2is-${pom.version}/repository/conf</outputDirectory>
            <fileMode>644</fileMode>
        </file>
        <file>
            <source>
                ../p2-profile-gen/target/wso2carbon-core-${carbon.kernel.version}/repository/conf/claim-config.xml
            </source>
            <outputDirectory>wso2is-${pom.version}/repository/conf</outputDirectory>
        </file>

        <file>
            <source>
                ../p2-profile-gen/target/wso2carbon-core-${carbon.kernel.version}/repository/conf/identity/identity.xml
            </source>
            <outputDirectory>wso2is-${pom.version}/repository/conf/identity</outputDirectory>
            <fileMode>644</fileMode>
        </file>
        <file>
            <source>
                ../p2-profile-gen/target/wso2carbon-core-${carbon.kernel.version}/repository/conf/identity/captcha-config.properties
            </source>
            <outputDirectory>wso2is-${pom.version}/repository/conf/identity</outputDirectory>
            <fileMode>644</fileMode>
        </file>
        <file>
            <source>
                ../p2-profile-gen/target/wso2carbon-core-${carbon.kernel.version}/repository/conf/security/identity_log_tokens.properties
            </source>
            <outputDirectory>wso2is-${pom.version}/repository/conf/security</outputDirectory>
            <fileMode>644</fileMode>
        </file>
        <file>
            <source>
                ../p2-profile-gen/target/wso2carbon-core-${carbon.kernel.version}/repository/conf/email/email-admin-config.xml
            </source>
            <outputDirectory>wso2is-${pom.version}/repository/conf/email</outputDirectory>
            <fileMode>644</fileMode>
        </file>
        <file>
            <source>
                ../p2-profile-gen/target/wso2carbon-core-${carbon.kernel.version}/repository/conf/identity/identity-event.properties
            </source>
            <outputDirectory>wso2is-${pom.version}/repository/conf/identity</outputDirectory>
            <fileMode>644</fileMode>
        </file>
        <file>
            <source>
                ../p2-profile-gen/target/wso2carbon-core-${carbon.kernel.version}/repository/conf/identity/identity-mgt.properties
            </source>
            <outputDirectory>wso2is-${pom.version}/repository/conf/identity</outputDirectory>
            <fileMode>644</fileMode>
        </file>
        <file>
            <source>
                ../p2-profile-gen/target/wso2carbon-core-${carbon.kernel.version}/repository/conf/identity/entitlement.properties
            </source>
            <outputDirectory>wso2is-${pom.version}/repository/conf/identity</outputDirectory>
            <fileMode>644</fileMode>
        </file>
        <file>
            <source>
                ../p2-profile-gen/target/wso2carbon-core-${carbon.kernel.version}/repository/resources/identity/pages/samlsso_response.html
            </source>
            <outputDirectory>wso2is-${pom.version}/repository/resources/identity/pages</outputDirectory>
            <fileMode>644</fileMode>
        </file>
        <file>
            <source>src/repository/resources/pages/samlsso_federate.html</source>
            <outputDirectory>wso2is-${pom.version}/repository/resources/identity/pages</outputDirectory>
            <destName>samlsso_federate.html</destName>
            <filtered>true</filtered>
        </file>
        <file>
            <source>
                ../p2-profile-gen/target/wso2carbon-core-${carbon.kernel.version}/repository/resources/identity/pages/sts_response.html
            </source>
            <outputDirectory>wso2is-${pom.version}/repository/resources/identity/pages</outputDirectory>
            <fileMode>644</fileMode>
        </file>
        <file>
            <source>
                ../p2-profile-gen/target/wso2carbon-core-${carbon.kernel.version}/bin/ciphertool.bat
            </source>
            <outputDirectory>wso2is-${pom.version}/bin</outputDirectory>
            <fileMode>644</fileMode>
        </file>
        <file>
            <source>
                ../p2-profile-gen/target/wso2carbon-core-${carbon.kernel.version}/bin/ciphertool.sh
            </source>
            <outputDirectory>wso2is-${pom.version}/bin</outputDirectory>
            <fileMode>644</fileMode>
        </file>
        <file>
            <source>
                ../p2-profile-gen/target/wso2carbon-core-${carbon.kernel.version}/repository/conf/security/cipher-text.properties
            </source>
            <outputDirectory>wso2is-${pom.version}/repository/conf/security</outputDirectory>
            <fileMode>644</fileMode>
        </file>
        <file>
            <source>
                ../p2-profile-gen/target/wso2carbon-core-${carbon.kernel.version}/repository/conf/security/cipher-tool.properties
            </source>
            <outputDirectory>wso2is-${pom.version}/repository/conf/security</outputDirectory>
            <fileMode>644</fileMode>
        </file>
        <file>
            <source>
                ../p2-profile-gen/target/wso2carbon-core-${carbon.kernel.version}/repository/conf/security/balana-config.xml
            </source>
            <outputDirectory>wso2is-${pom.version}/repository/conf/security</outputDirectory>
            <fileMode>644</fileMode>
        </file>
        <file>
            <source>
                ../p2-profile-gen/target/wso2carbon-core-${carbon.kernel.version}/lib/org.wso2.ciphertool-${cipher-tool.version}.jar
            </source>
            <outputDirectory>wso2is-${pom.version}/lib</outputDirectory>
            <fileMode>644</fileMode>
        </file>
        <file>
            <source>src/repository/resources/conf/secret-conf.properties</source>
            <outputDirectory>wso2is-${pom.version}/repository/conf/security</outputDirectory>
            <destName>secret-conf.properties</destName>
            <filtered>true</filtered>
        </file>
	<file>
            <source>src/repository/resources/conf/catalina-server.xml</source>
            <outputDirectory>wso2is-${pom.version}/repository/conf/tomcat</outputDirectory>
            <destName>catalina-server.xml</destName>
            <filtered>true</filtered>
        </file>
        <file>
            <source>
                ../p2-profile-gen/target/wso2carbon-core-${carbon.kernel.version}/repository/data/is-default-schema.zip
            </source>
            <outputDirectory>wso2is-${pom.version}/repository/data</outputDirectory>
        </file>
        <file>
            <source>
                ../p2-profile-gen/target/wso2carbon-core-${carbon.kernel.version}/repository/conf/identity/embedded-ldap.xml
            </source>
            <outputDirectory>wso2is-${pom.version}/repository/conf/identity</outputDirectory>
        </file>
        <file>
            <source>
                ../p2-profile-gen/target/wso2carbon-core-${carbon.kernel.version}/repository/conf/etc/logging-config.xml
            </source>
            <outputDirectory>${pom.artifactId}-${pom.version}/repository/conf/etc/
            </outputDirectory>
        </file>
        <file>
            <source>
                ../p2-profile-gen/target/wso2carbon-core-${carbon.kernel.version}/repository/conf/event-processor.xml
            </source>
            <outputDirectory>${pom.artifactId}-${pom.version}/repository/conf/
            </outputDirectory>
            <filtered>true</filtered>
        </file>
        <!--copy scim-consumer-config.xml-->
        <file>
            <source>
                ../p2-profile-gen/target/wso2carbon-core-${carbon.kernel.version}/repository/conf/identity/provisioning-config.xml
            </source>
            <outputDirectory>wso2is-${pom.version}/repository/conf/identity</outputDirectory>
        </file>
        <file>
            <source>
                ../p2-profile-gen/target/wso2carbon-core-${carbon.kernel.version}/repository/conf/identity/scim-schema-extension.config
            </source>
            <outputDirectory>wso2is-${pom.version}/repository/conf</outputDirectory>
        </file>
        <!--copy scim2-consumer-config.xml-->
        <file>
            <source>
                ../p2-profile-gen/target/wso2carbon-core-${carbon.kernel.version}/repository/conf/identity/charon-config.xml
            </source>
            <outputDirectory>wso2is-${pom.version}/repository/conf/identity</outputDirectory>
        </file>
        <file>
            <source>
                ../p2-profile-gen/target/wso2carbon-core-${carbon.kernel.version}/repository/conf/identity/scim2-schema-extension.config
            </source>
            <outputDirectory>wso2is-${pom.version}/repository/conf</outputDirectory>
        </file>
        <file>
            <source>../jaggery-apps/user-dashboard/sp_dashboard.xml</source>
            <outputDirectory>${pom.artifactId}-${pom.version}/repository/conf/identity/service-providers/
            </outputDirectory>
            <filtered>true</filtered>
            <fileMode>644</fileMode>
        </file>
        <file>
            <source>
                ../p2-profile-gen/target/wso2carbon-core-${carbon.kernel.version}/repository/conf/identity/thrift-authentication.xml
            </source>
            <outputDirectory>wso2is-${pom.version}/repository/conf/identity</outputDirectory>
        </file>
        <file>
            <source>
                ../p2-profile-gen/target/wso2carbon-core-${carbon.kernel.version}/repository/conf/event-broker.xml
            </source>
            <outputDirectory>wso2is-${pom.version}/repository/conf</outputDirectory>
        </file>
        <file>
            <source>
                ../p2-profile-gen/target/wso2carbon-core-${carbon.kernel.version}/repository/conf/identity/msg-mgt.properties
            </source>
            <outputDirectory>wso2is-${pom.version}/repository/conf/identity</outputDirectory>
            <fileMode>644</fileMode>
        </file>
        <file>
            <source>
                ../p2-profile-gen/target/wso2carbon-core-${carbon.kernel.version}/repository/conf/identity/application-authentication.xml
            </source>
            <outputDirectory>wso2is-${pom.version}/repository/conf/identity</outputDirectory>
        </file>
        <file>
            <source>
                ../p2-profile-gen/target/wso2carbon-core-${carbon.kernel.version}/repository/conf/identity/EndpointConfig.properties
            </source>
            <outputDirectory>wso2is-${pom.version}/repository/conf/identity</outputDirectory>
        </file>
        <file>
            <source>
                ../p2-profile-gen/target/wso2carbon-core-${carbon.kernel.version}/repository/conf/identity/sso-idp-config.xml
            </source>
            <outputDirectory>wso2is-${pom.version}/repository/conf/identity</outputDirectory>
        </file>
        <file>
            <source>../p2-profile-gen/target/wso2carbon-core-${carbon.kernel.version}/repository/database/jpadb.h2.db
            </source>
            <outputDirectory>wso2is-${pom.version}/repository/database/</outputDirectory>
            <fileMode>644</fileMode>
        </file>
        <file>
            <source>
                ../p2-profile-gen/target/wso2carbon-core-${carbon.kernel.version}/repository/conf/datasources/bps-datasources.xml
            </source>
            <outputDirectory>wso2is-${pom.version}/repository/conf/datasources/</outputDirectory>
            <fileMode>644</fileMode>
        </file>
        <file>
            <source>
                ../p2-profile-gen/target/wso2carbon-core-${carbon.kernel.version}/repository/conf/b4p-coordination-config.xml
            </source>
            <outputDirectory>wso2is-${pom.version}/repository/conf/</outputDirectory>
            <fileMode>644</fileMode>
        </file>

        <file>
            <source>../p2-profile-gen/target/wso2carbon-core-${carbon.kernel.version}/repository/conf/humantask.xml
            </source>
            <outputDirectory>wso2is-${pom.version}/repository/conf/</outputDirectory>
            <fileMode>644</fileMode>
        </file>
	<file>
            <source>../p2-profile-gen/target/wso2carbon-core-${carbon.kernel.version}/repository/conf/output-event-adapters.xml
            </source>
            <outputDirectory>wso2is-${pom.version}/repository/conf/</outputDirectory>
            <fileMode>644</fileMode>
        </file>
	<file>
            <source>../p2-profile-gen/target/wso2carbon-core-${carbon.kernel.version}/repository/conf/attachment-management.xml
            </source>
            <outputDirectory>wso2is-${pom.version}/repository/conf/</outputDirectory>
            <fileMode>644</fileMode>
        </file>
        <!-- This is temporary replace bps.xml file (that is copied by feature) by local copy of the file until BPS team fix and release one of issue with bps.xml -->
        <file>
            <source>
                conf/bps/bps.xml
            </source>
            <outputDirectory>wso2is-${pom.version}/repository/conf/</outputDirectory>
        </file>

        <file>
            <source>../p2-profile-gen/target/wso2carbon-core-${carbon.kernel.version}/repository/conf/metrics.properties</source>
            <outputDirectory>wso2is-${pom.version}/repository/conf/</outputDirectory>
            <filtered>false</filtered>
            <fileMode>644</fileMode>
        </file>
        <file>
            <source>../p2-profile-gen/target/wso2carbon-core-${carbon.kernel.version}/repository/conf/metrics.xml</source>
            <outputDirectory>wso2is-${pom.version}/repository/conf/</outputDirectory>
            <filtered>false</filtered>
            <fileMode>644</fileMode>
        </file>
        <file>
            <source>../p2-profile-gen/target/wso2carbon-core-${carbon.kernel.version}/repository/conf/datasources/metrics-datasources.xml</source>
            <outputDirectory>${pom.artifactId}-${pom.version}/repository/conf/datasources/</outputDirectory>
            <fileMode>644</fileMode>
        </file>
        <file>
            <source>../p2-profile-gen/target/wso2carbon-core-${carbon.kernel.version}/repository/database/WSO2METRICS_DB.h2.db</source>
            <outputDirectory>${pom.artifactId}-${pom.version}/repository/database/</outputDirectory>
            <fileMode>644</fileMode>
        </file>
        <file>
            <source>../p2-profile-gen/target/wso2carbon-core-${carbon.kernel.version}/repository/conf/identity/oidc-scope-config.xml</source>
            <outputDirectory>wso2is-${pom.version}/repository/conf/identity</outputDirectory>
            <fileMode>644</fileMode>
        </file>
        <file>
            <source>../p2-profile-gen/target/wso2carbon-core-${carbon.kernel.version}/repository/deployment/server/webapps/mex/metadata.xml</source>
            <outputDirectory>wso2is-${pom.version}/repository/deployment/server/webapps/mex/</outputDirectory>
            <fileMode>644</fileMode>
        </file>
        <file>
            <source>../p2-profile-gen/target/wso2carbon-core-${carbon.kernel.version}/repository/conf/consent-mgt-config.xml</source>
            <outputDirectory>wso2is-${pom.version}/repository/conf/</outputDirectory>
            <fileMode>644</fileMode>
        </file>
        <file>
            <source>src/bin/forgetme/forgetme.sh</source>
            <outputDirectory>wso2is-${pom.version}/bin/</outputDirectory>
            <fileMode>744</fileMode>
        </file>
        <file>
            <source>src/bin/forgetme/forgetme.bat</source>
            <outputDirectory>wso2is-${pom.version}/bin/</outputDirectory>
            <fileMode>744</fileMode>
        </file>
        <file>
            <source>target/forget-me/identity-anonymization-tool-${forgetme.tool.version}/bin/forgetme.sh</source>
            <outputDirectory>wso2is-${pom.version}/repository/components/tools/forget-me/bin/</outputDirectory>
            <fileMode>744</fileMode>
        </file>
        <file>
            <source>target/forget-me/identity-anonymization-tool-${forgetme.tool.version}/bin/forgetme.bat</source>
            <outputDirectory>wso2is-${pom.version}/repository/components/tools/forget-me/bin/</outputDirectory>
            <fileMode>744</fileMode>
        </file>
        <file>
            <source>target/forget-me/identity-anonymization-tool-${forgetme.tool.version}/conf/product-config/config-identity.json</source>
            <outputDirectory>wso2is-${pom.version}/repository/components/tools/forget-me/conf/</outputDirectory>
            <destName>config.json</destName>
            <fileMode>644</fileMode>
        </file>
        <file>
            <source>
                ../p2-profile-gen/target/wso2carbon-core-${carbon.kernel.version}/repository/resources/identity/policies/xacml/default/scope_based_token_validation_policy_template.xml
            </source>
            <outputDirectory>wso2is-${pom.version}/repository/resources/identity/policies/xacml/default
            </outputDirectory>
            <fileMode>644</fileMode>
        </file>
        <file>
            <source>
                ../p2-profile-gen/target/wso2carbon-core-${carbon.kernel.version}/repository/conf/security/certificate-validation.xml
            </source>
            <outputDirectory>wso2is-${pom.version}/repository/conf/security</outputDirectory>
            <fileMode>644</fileMode>
        </file>
        <file>
            <source>../p2-profile-gen/target/wso2carbon-core-${carbon.kernel.version}/repository/conf/health-check-config.xml</source>
            <outputDirectory>wso2is-${pom.version}/repository/conf/</outputDirectory>
            <fileMode>644</fileMode>
        </file>

        <!--In-Place Updates-->
        <file>
            <source>updates/product.txt</source>
            <outputDirectory>wso2is-${pom.version}/updates/</outputDirectory>
            <filtered>true</filtered>
            <fileMode>644</fileMode>
        </file>
    </files>
</assembly>
