<?xml version="1.0" encoding="UTF-8"?>
<!--
 ~ Copyright (c) 2005-2010, WSO2 Inc. (http://www.wso2.org) All Rights Reserved.
 ~
 ~ WSO2 Inc. licenses this file to you under the Apache License,
 ~ Version 2.0 (the "License"); you may not use this file except
 ~ in compliance with the License.
 ~ You may obtain a copy of the License at
 ~
 ~    http://www.apache.org/licenses/LICENSE-2.0
 ~
 ~ Unless required by applicable law or agreed to in writing,
 ~ software distributed under the License is distributed on an
 ~ "AS IS" BASIS, WITHOUT WARRANTIES OR CONDITIONS OF ANY
 ~ KIND, either express or implied.  See the License for the
 ~ specific language governing permissions and limitations
 ~ under the License.
 -->
<assembly>
    <id>docs</id>
    <formats>
        <format>zip</format>
    </formats>
    <includeBaseDirectory>false</includeBaseDirectory>
    <fileSets>
        <fileSet>
            <directory>target/site</directory>
            <outputDirectory>wso2is-${pom.version}-docs</outputDirectory>
            <fileMode>755</fileMode>
        </fileSet>
        <fileSet>
            <directory>../../modules/documentation/src/site/xdoc/user-core</directory>
            <outputDirectory>wso2is-${pom.version}-docs/user-core</outputDirectory>
            <fileMode>755</fileMode>
            <includes>
                <include>user-mgt-actdir.xml</include>
                <include>user-mgt-jdbc.xml</include>
                <include>user-mgt-ldap.xml</include>
		        <include>user-mgt-ldap-read-write.xml</include>
            </includes>
        </fileSet>
    </fileSets>
</assembly>
