<?xml version="1.0" encoding="utf-8"?>
<!--
 ~ Copyright (c) 2005-2010, WSO2 Inc. (http://www.wso2.org) All Rights Reserved.
 ~
 ~ WSO2 Inc. licenses this file to you under the Apache License,
 ~ Version 2.0 (the "License"); you may not use this file except
 ~ in compliance with the License.
 ~ You may obtain a copy of the License at
 ~
 ~    http://www.apache.org/licenses/LICENSE-2.0
 ~
 ~ Unless required by applicable law or agreed to in writing,
 ~ software distributed under the License is distributed on an
 ~ "AS IS" BASIS, WITHOUT WARRANTIES OR CONDITIONS OF ANY
 ~ KIND, either express or implied.  See the License for the
 ~ specific language governing permissions and limitations
 ~ under the License.
 -->
<assembly>
    <id>src</id>

    <includeBaseDirectory>false</includeBaseDirectory>

    <formats>
        <format>zip</format>
    </formats>

    <fileSets>
        <fileSet>
            <directory>target/sources</directory>
            <outputDirectory>wso2is-${pom.version}-src</outputDirectory>
            <includes>
                <include>**/*</include>
            </includes>
        </fileSet>
        <fileSet>
            <directory>../..</directory>
            <outputDirectory>wso2is-${pom.version}-src</outputDirectory>
            <includes>
                <include>modules/**/*</include>
            </includes>
            <excludes>
                <exclude>**/target</exclude>
                <exclude>**/target/**/*</exclude>
                <exclude>**/build</exclude>
                <exclude>**/build/**/*</exclude>
                <exclude>**/.settings</exclude>
                <exclude>**/.classpath</exclude>
                <exclude>**/.project</exclude>
                <exclude>**/.wtpmodules</exclude>
                <exclude>**/*.iml</exclude>
                <exclude>**/.settings</exclude>
                <exclude>**/.settings/**/*</exclude>
            </excludes>
        </fileSet>
    </fileSets>
    <files>
        <file>
            <source>../../pom.xml</source>
            <outputDirectory>wso2is-${pom.version}-src</outputDirectory>
            <filtered>true</filtered>
            <fileMode>644</fileMode>
        </file>
        <file>
            <source>../../LICENSE.txt</source>
            <outputDirectory>wso2is-${pom.version}-src</outputDirectory>
            <filtered>true</filtered>
            <fileMode>644</fileMode>
        </file>
        <file>
            <source>../../NOTICE.txt</source>
            <outputDirectory>wso2is-${pom.version}-src</outputDirectory>
            <filtered>true</filtered>
            <fileMode>644</fileMode>
        </file>
        <file>
            <source>../../README.txt</source>
            <outputDirectory>wso2is-${pom.version}-src</outputDirectory>
            <filtered>true</filtered>
            <fileMode>644</fileMode>
        </file>
    </files>
</assembly>
