<!--
  ~ Copyright 2005-2007 WSO2, Inc. (http://wso2.com)
  ~
  ~ Licensed under the Apache License, Version 2.0 (the "License");
  ~ you may not use this file except in compliance with the License.
  ~ You may obtain a copy of the License at
  ~
  ~ http://www.apache.org/licenses/LICENSE-2.0
  ~
  ~ Unless required by applicable law or agreed to in writing, software
  ~ distributed under the License is distributed on an "AS IS" BASIS,
  ~ WITHOUT WARRANTIES OR CONDITIONS OF ANY KIND, either express or implied.
  ~ See the License for the specific language governing permissions and
  ~ limitations under the License.
  -->

<!DOCTYPE html PUBLIC "-//W3C//DTD XHTML 1.1//EN"
        "http://www.w3.org/TR/xhtml11/DTD/xhtml11.dtd">
<html xmlns="http://www.w3.org/1999/xhtml">
    <head>
        <meta http-equiv="content-type" content="text/html; charset=iso-8859-1"/>
        <title>Welcome to WSO2 Identity Server v3.2.0!</title>
        <link href="css/is-docs.css" rel="stylesheet"/>
    </head>
    <body>
        <p>[<a
                href="http://wso2.org/downloads/identity">Download</a>] | [<a
                href="index_docs.html">Documentation Home</a>] | [<a href="release-notes.html">
            Release Note</a>]
        </p>

        <h1>WSO2 Identity Server, v3.2.0 External References</h1>

        <ul>
            <li>
                <a href="http://blog.facilelogin.com/2009/05/building-wso2-identity-server-20-from.html">
                    Building WSO2 Identity Server from source
                </a>
            </li>
            <li>
                <a href="http://blog.facilelogin.com/2009/05/security-token-service-with-wso2.html">
                    Security Token Service with WSO2 Identity Server
                </a>
            </li>
            <li>
                <a href="http://blog.facilelogin.com/2009/05/identity-server-20-as-xacml-engine.html">
                    Identity Server as an XACML engine
                </a>
            </li>
            <li>
                <a href="http://blog.facilelogin.com/2009/05/adding-fine-grained-authorization-for.html">
                    Adding fine-grained authorization for proxy services in WSO2 ESB
                </a>
            </li>
            <li>
                <a href="http://blog.facilelogin.com/2009/06/wso2-identity-server-claim-aware-proxy.html">
                    WSO2 Identity Server + Claim aware proxy services with ESB
                </a>
            </li>
            <li>
                <a href="http://blog.facilelogin.com/2009/06/extending-wso2-identity-server-20-to.html">
                    Extending WSO2 Identity Server to handle custom SAML assertions
                </a>
            </li>
            <li>
                <a href="http://thilinamb.wordpress.com/2009/06/04/multi-factor-authentication-with-wso2-identity-server-2-0/">
                    XMPP based Multi-Factor Authentication with WSO2 Identity Server
                </a>
            </li>
        </ul>

    </body>
</html>
