<!--
  ~ Copyright 2005-2007 WSO2, Inc. (http://wso2.com)
  ~
  ~ Licensed under the Apache License, Version 2.0 (the "License");
  ~ you may not use this file except in compliance with the License.
  ~ You may obtain a copy of the License at
  ~
  ~ http://www.apache.org/licenses/LICENSE-2.0
  ~
  ~ Unless required by applicable law or agreed to in writing, software
  ~ distributed under the License is distributed on an "AS IS" BASIS,
  ~ WITHOUT WARRANTIES OR CONDITIONS OF ANY KIND, either express or implied.
  ~ See the License for the specific language governing permissions and
  ~ limitations under the License.
  --><!DOCTYPE html PUBLIC "-//W3C//DTD XHTML 1.1//EN"
        "http://www.w3.org/TR/xhtml11/DTD/xhtml11.dtd">
<html xmlns="http://www.w3.org/1999/xhtml">
    <head>
        <meta http-equiv="content-type" content="text/html; charset=iso-8859-1"/>
        <title>Welcome to WSO2 Identity Server v3.2.0!</title>
        <link href="css/is-docs.css" rel="stylesheet"/>
    </head>
    <body>
        <p>[<a
                href="http://wso2.org/downloads/identity">Download</a>]| [<a href="index_docs.html">
            Documentation Home</a>] | [<a href="release-notes.html">Release Note</a>]
        </p>

        <h1>WSO2 Identity Server (WSO2 IS) - Documentation Index</h1>
        <ul>
            <li>
                <a href="installation_guide.html">Installation Guide</a>
                - Provides instructions on how to install the WSO2 Identity Server.
            </li>
            <li>
                <a href="administratorguide.html">Identity Server Administration Guide</a>
                - Describes the administrative options available from the Management Console
            </li>
            <li>
                <a href="production.html">Identity Server in Production Environment</a>
                - Instructions on how to set up Identity Server in a production environment
            </li>
            <li>
                <a href="userguide.html">Identity Server User Guide</a>
                - Instructions on how to use Identity Server from a user's perspective
            </li>
            <li>
                <a href="external.html">Identity Server External References</a>
                - Lists external references related to WSO2 Identity Server
            </li>
        </ul>
    </body>
</html>
