<!--
  ~ Copyright 2005-2007 WSO2, Inc. (http://wso2.com)
  ~
  ~ Licensed under the Apache License, Version 2.0 (the "License");
  ~ you may not use this file except in compliance with the License.
  ~ You may obtain a copy of the License at
  ~
  ~ http://www.apache.org/licenses/LICENSE-2.0
  ~
  ~ Unless required by applicable law or agreed to in writing, software
  ~ distributed under the License is distributed on an "AS IS" BASIS,
  ~ WITHOUT WARRANTIES OR CONDITIONS OF ANY KIND, either express or implied.
  ~ See the License for the specific language governing permissions and
  ~ limitations under the License.
  -->
<!DOCTYPE html PUBLIC "-//W3C//DTD XHTML 1.1//EN"
        "http://www.w3.org/TR/xhtml11/DTD/xhtml11.dtd">
<html xmlns="http://www.w3.org/1999/xhtml">
    <head>
        <meta http-equiv="content-type" content="text/html; charset=iso-8859-1"/>
        <title>Welcome to WSO2 Identity Server v3.2.0!</title>
        <link href="css/is-docs.css" rel="stylesheet"/>
    </head>
    <body>
        <p>[<a href="http://wso2.org/downloads/identity">Download</a>] | [<a href="index_docs.html">
            Documentation Home</a>] | [<a href="release-notes.html">Release Note</a>]
        </p>
        <h1>WSO2 Identity Server, v3.2.0 - Installation Guide</h1>

        <p>Your feedback on WSO2 Identity Server is most appreciated. Please send them to our
            <a href="mailinglists.html">mailing lists.</a>
        </p>

        <h2 id="System">System Requirements</h2>

        <table border="2">
            <tbody>
                <tr>
                    <td>Java Runtime Environment</td>
                    <td>1.5/1.6 (For instructions on setting up the JRE in different operating
                        systems, visit<a
                                href="http://java.sun.com">http://java.sun.com</a>)
                    </td>
                </tr>
                <tr>
                    <td>Memory</td>
                    <td>1 GB</td>
                </tr>
                <tr>
                    <td>Disk</td>
                    <td>Approximately 87 MB will be used for the Identity Server .zip distribution
                    </td>
                </tr>
                <tr>
                    <td>Operating System</td>
                    <td>Tested on Windows XP, Linux - (Ubuntu, Gentoo)</td>
                </tr>
            </tbody>
        </table>

        <h1>Installing WSO2 Identity Server v3.2.0</h1>

        <a name="win"></a>

        <h2 id="Installing">Installing on Microsoft Windows</h2>

        <p><strong>Note</strong>: Out of Microsoft Windows platforms, the WSO2 Identity
            Server, v3.2.0 release has been successfully tested only on Windows XP.
        </p>

        The following steps will take you through the installation for the MS Windows XP
        operating system.

        <ol>
            <li>
                <a href="http://wso2.org/downloads/identity">Download</a>
                the WSO2 Identity Server binary distribution.
            </li>
            <li>Extract the zip archive.</li>
            <li>Set the JAVA_HOME environment variable to your Java installation.</li>
            <li>Execute the WSO2 Identity Server starting script. e.g.,
                [WSO2_IS_HOME]\bin\wso2server.bat
            </li>
            <li>Check your WSO2 Identity Server instance using the URL https://localhost:9443/carbon
            </li>
        </ol>

        <h2 id="Installing">Installing on Linux</h2>

        <ol>
            <li>
                <a href="http://wso2.org/downloads/identity">Download</a>
                the WSO2 Identity Server binary distribution.
            </li>
            <li>Extract the zip archive.</li>
            <li>Set the JAVA_HOME environment variable to your Java installation.</li>
            <li>Execute the WSO2 Identity Server starting script. e.g.,sh
                [WSO2_IS_HOME]/bin/wso2server.sh
            </li>
            <li>Check your WSO2 Identity Server instance using the URL https://localhost:9443/carbon
            </li>
        </ol>

        <p><strong>Note</strong>: You also need to download Java Cryptography Extension (JCE)
            Unlimited Strength Jurisdiction Policy Files 5.0 from
            <a href="http://java.sun.com/javase/downloads/index_jdk5.jsp">here</a>
            and copy the two jar files from the extracted jce directory (local_policy.jar and
            US_export_policy.jar) to $JAVA_HOME/jre/lib/security.
            For JDK 1.6, policy files can be downloaded from<a
                    href="http://java.sun.com/javase/downloads/index.jsp">here</a>.
        </p>

        <p>For details on the Management Console see
            <a href="administratorguide.html">Administrator's Guide</a>
        </p>

    </body>
</html>
