<!--
    ~ Copyright 2005-2007 WSO2, Inc. (http://wso2.com) ~ ~ Licensed under
    the Apache License, Version 2.0 (the "License"); ~ you may not use
    this file except in compliance with the License. ~ You may obtain a
    copy of the License at ~ ~ http://www.apache.org/licenses/LICENSE-2.0
    ~ ~ Unless required by applicable law or agreed to in writing,
    software ~ distributed under the License is distributed on an "AS IS"
    BASIS, ~ WITHOUT WARRANTIES OR CONDITIONS OF ANY KIND, either express
    or implied. ~ See the License for the specific language governing
    permissions and ~ limitations under the License.
-->

<!DOCTYPE html PUBLIC "-//W3C//DTD XHTML 1.1//EN"
        "http://www.w3.org/TR/xhtml11/DTD/xhtml11.dtd">
<html xmlns="http://www.w3.org/1999/xhtml">
    <head>
        <meta http-equiv="content-type" content="text/html; charset=iso-8859-1"/>
        <title>Welcome to WSO2 Identity Server v3.2.0!</title>
        <link href="css/is-docs.css" rel="stylesheet"/>
    </head>
    <body>
        <p>[<a href="http://wso2.org/downloads/identity">Download</a>] | [
            <a href="index_docs.html">Documentation Index</a>
            ] | [<a href="release-notes.html">Release Note</a>]
        </p>
        <h2>Overview</h2>
        <p>This project uses
            <a href="http://www.atlassian.com/software/jira">JIRA</a>
            a J2EE-based, issue tracking and project management application.
        </p>
        <h2>Issue Tracking</h2>
        <p>Issues, bugs, and feature requests should be submitted to following issue tracking
            systems for this project.
        </p>
        <p>
            <a href="https://www.wso2.org/jira/browse/IDENTITY">
                https://www.wso2.org/jira/browse/IDENTITY
            </a>
        </p>
        <p>
            <a href="https://wso2.org/jira/browse/CARBON">https://wso2.org/jira/browse/CARBON</a>
        </p>

    </body>
</html>
