<!--
    ~ Licensed to the Apache Software Foundation (ASF) under one ~ or more
    contributor license agreements. See the NOTICE file ~ distributed with
    this work for additional information ~ regarding copyright ownership.
    The ASF licenses this file ~ to you under the Apache License, Version
    2.0 (the ~ "License"); you may not use this file except in compliance
    ~ with the License. You may obtain a copy of the License at ~ ~
    http://www.apache.org/licenses/LICENSE-2.0 ~ ~ Unless required by
    applicable law or agreed to in writing, ~ software distributed under
    the License is distributed on an ~ * "AS IS" BASIS, WITHOUT WARRANTIES
    OR CONDITIONS OF ANY ~ KIND, either express or implied. See the
    License for the ~ specific language governing permissions and
    limitations ~ under the License.
-->
<!DOCTYPE html PUBLIC "-//W3C//DTD XHTML 1.1//EN"
        "http://www.w3.org/TR/xhtml11/DTD/xhtml11.dtd">
<html xmlns="http://www.w3.org/1999/xhtml">
    <head>
        <meta http-equiv="content-type" content="text/html; charset=iso-8859-1"/>
        <title>Welcome to WSO2 Identity Server v3.2.0!</title>
        <link href="css/is-docs.css" rel="stylesheet"/>
    </head>
    <body>
        <p>[<a href="http://wso2.org/downloads/identity">Download</a>] | [<a href="index_docs.html">
            Documentation Home</a>] | [<a href="release-notes.html">Release Note</a>]
        </p>

        <h2>Identity Server - User Guide</h2>

        <ul>
            <li>
                <a href="#t1">How to sign up as a new user?</a>
            </li>
            <li>
                <a href="#t2">How to login to Identity Server as a user?</a>
            </li>
            <li>
                <a href="#t3">How to use an external OpenID to log in to Identity Server?</a>
            </li>
            <li>
                <a href="#t4">How to get a Managed Information Card?</a>
            </li>
            <li>
                <a href="#t5">How to get an OpenID Information Card?</a>
            </li>
            <li>
                <a href="#t6">How to get an OpenID?</a>
            </li>
            <li>
                <a href="#t7">How to add a trusted Relying Party?</a>
            </li>
            <li>
                <a href="#t8">How to enable XMPP based authentication for OpenIDs?</a>
            </li>
        </ul>

        <h3>
            <a name="t1">How to sign up as a new user?</a>
        </h3>
        <p>You can sign up as a new user wither with a self-issued information card or with user
            name password based account.
            <br/>
        </p>
        <p>From the home page click on the "Sign-up" under the menu "Identity"
            <br/>
        </p>
        <p>
            <img alt="Sign-up" src="./images/userreg.png"/>
        </p>

        <h3>
            <a name="t2">How to login to Identity Server as a user?</a>
        </h3>
        <p>You can login WSO2 Identity Server with a registered self-issued information card or with
            user name password based account.
            <br/>
        </p>
        <p>From the home page click on the "InfoCard/OpenID Sign-in" under the menu "Identity"
            <br/>
        </p>
        <p>
            <img alt="Sign-in" src="./images/signin1.png"/>
        </p>

        <h3>
            <a name="t3">How to use an external OpenID to log in to Identity Server?</a>
        </h3>
        <p>From the home page click on the "Sign-in" under the menu "Identity"</p>
        <p>Enter your external OpenID there.</p>
        <p>Once you return back from your OpenID Provider to the Identity Server, you can either
            create a new account with it or
            associate that OpenID with an existing user account
        </p>

        <h3>
            <a name="t4">How to get a Managed Information Card?</a>
        </h3>
        <p>Once you logged in to the Identity Server, you can download a managed information card
            against your profile.
        </p>
        <p>Click on the "InfoCard/OpenID Dashboard" under the menu "My Identity"</p>
        <p>
            <img alt="Managed InfoCard" src="./images/dashboardinfocard.png"/>
        </p>

        <h3>
            <a name="t5">How to get an OpenID Information Card?</a>
        </h3>
        <p>Once you logged in to the Identity Server, you can download an OpenID information card
            against your profile.
        </p>
        <p>Click on the "InfoCard/OpenID Dashboard" under the menu "My Identity"</p>
        <p>
            <img alt="OpenID InfoCard" src="./images/dashboardopinfo.png"/>
        </p>

        <h3>
            <a name="t6">How to get an OpenID?</a>
        </h3>
        <p>Once you register with the Identity Server, you are automatically assigned an OpenID.</p>
        <p>Click on the "InfoCard/OpenID Dashboard" under the menu "My Identity"</p>
        <p>
            <img alt="OpenID" src="./images/dashboard.png"/>
        </p>

        <h3>
            <a name="t7">How to add a trusted Relying Party?</a>
        </h3>
        <p>Once you logged in to the Identity Server, you can upload the public certificates of the
            trusted relying parties.
        </p>
        <p>Click on the "Relying Parties" under the menu "My Identity"</p>
        <p>
            <img alt="Trusted RP" src="./images/rp1.png"/>
        </p>

        <h3>
            <a name="t8">How to enable XMPP based authentication for OpenIDs?</a>
        </h3>
        <p>Once you logged in to the Identity Server, you can configure to enable XMPP based
            authentication for OpenIDs.
        </p>
        <p>Click on the "Multifactor Authentication" under the menu "My Identity"</p>
        <p>
            <img alt="XMPP" src="./images/xmpp_config.png"/>
        </p>

    </body>
</html>
