<Policy xmlns="urn:oasis:names:tc:xacml:3.0:core:schema:wd-17" PolicyId="authn_role_based_policy_template"
        RuleCombiningAlgId="urn:oasis:names:tc:xacml:1.0:rule-combining-algorithm:first-applicable" Version="1.0">
    <Description>This policy template provides ability to authorize users to a given service provider(defined by SP_NAME) in the authentication flow based on the roles of the user (defined by ROLE_1 and ROLE_2). Users who have at least one of the given roles, will be allowed and any others will be denied.</Description>
    <Target>
        <AnyOf>
            <AllOf>
                <Match MatchId="urn:oasis:names:tc:xacml:1.0:function:string-equal">
                    <AttributeValue DataType="http://www.w3.org/2001/XMLSchema#string">SP_NAME</AttributeValue>
                    <AttributeDesignator AttributeId="http://wso2.org/identity/sp/sp-name" Category="http://wso2.org/identity/sp" DataType="http://www.w3.org/2001/XMLSchema#string" MustBePresent="false"/>
                </Match>
                <Match MatchId="urn:oasis:names:tc:xacml:1.0:function:string-equal">
                    <AttributeValue DataType="http://www.w3.org/2001/XMLSchema#string">authenticate</AttributeValue>
                    <AttributeDesignator AttributeId="http://wso2.org/identity/identity-action/action-name" Category="http://wso2.org/identity/identity-action" DataType="http://www.w3.org/2001/XMLSchema#string" MustBePresent="false"></AttributeDesignator>
                </Match>
            </AllOf>
        </AnyOf>
    </Target>
    <Rule Effect="Permit" RuleId="permit_by_roles">
        <Condition>
            <Apply FunctionId="urn:oasis:names:tc:xacml:1.0:function:or">
                <Apply FunctionId="urn:oasis:names:tc:xacml:1.0:function:string-is-in">
                    <AttributeValue DataType="http://www.w3.org/2001/XMLSchema#string">ROLE_1</AttributeValue>
                    <AttributeDesignator AttributeId="http://wso2.org/claims/role" Category="urn:oasis:names:tc:xacml:1.0:subject-category:access-subject" DataType="http://www.w3.org/2001/XMLSchema#string" MustBePresent="true"/>
                </Apply>
                <Apply FunctionId="urn:oasis:names:tc:xacml:1.0:function:string-is-in">
                    <AttributeValue DataType="http://www.w3.org/2001/XMLSchema#string">ROLE_2</AttributeValue>
                    <AttributeDesignator AttributeId="http://wso2.org/claims/role" Category="urn:oasis:names:tc:xacml:1.0:subject-category:access-subject" DataType="http://www.w3.org/2001/XMLSchema#string" MustBePresent="true"/>
                </Apply>
            </Apply>
        </Condition>
    </Rule>
    <Rule Effect="Deny" RuleId="deny_others"/>
</Policy>
