<Policy xmlns="urn:oasis:names:tc:xacml:3.0:core:schema:wd-17" PolicyId="authn_time_and_user_store_based_policy_template" RuleCombiningAlgId="urn:oasis:names:tc:xacml:1.0:rule-combining-algorithm:first-applicable" Version="1.0">
    <Description>This template policy provides ability to authorize users to a given service provider(defined by SP_NAME) in the authentication flow based on the user store (USERSTORE_1 or USERSTORE_2) and the time of the day (eg. between 09:00:00 to 17:00:00). Users who are in the given userstores and who are logged in within the given time range will be allowed and any other users will be denied.</Description>
    <Target>
        <AnyOf>
            <AllOf>
                <Match MatchId="urn:oasis:names:tc:xacml:1.0:function:string-equal">
                    <AttributeValue DataType="http://www.w3.org/2001/XMLSchema#string">authenticate</AttributeValue>
                    <AttributeDesignator AttributeId="http://wso2.org/identity/identity-action/action-name" Category="http://wso2.org/identity/identity-action" DataType="http://www.w3.org/2001/XMLSchema#string" MustBePresent="false"/>
                </Match>
                <Match MatchId="urn:oasis:names:tc:xacml:1.0:function:string-equal">
                    <AttributeValue DataType="http://www.w3.org/2001/XMLSchema#string">SP_NAME</AttributeValue>
                    <AttributeDesignator AttributeId="http://wso2.org/identity/sp/sp-name" Category="http://wso2.org/identity/sp" DataType="http://www.w3.org/2001/XMLSchema#string" MustBePresent="false"/>
                </Match>
            </AllOf>
        </AnyOf>
    </Target>
    <Rule Effect="Permit" RuleId="permit_by_userstores_and_time">
        <Condition>
            <Apply FunctionId="urn:oasis:names:tc:xacml:1.0:function:and">
                <Apply FunctionId="urn:oasis:names:tc:xacml:2.0:function:time-in-range">
                    <Apply FunctionId="urn:oasis:names:tc:xacml:1.0:function:time-one-and-only">
                        <AttributeDesignator AttributeId="urn:oasis:names:tc:xacml:1.0:environment:current-time" Category="urn:oasis:names:tc:xacml:3.0:attribute-category:environment" DataType="http://www.w3.org/2001/XMLSchema#time" MustBePresent="true"></AttributeDesignator>
                    </Apply>
                    <AttributeValue DataType="http://www.w3.org/2001/XMLSchema#time">09:00:00</AttributeValue>
                    <AttributeValue DataType="http://www.w3.org/2001/XMLSchema#time">17:00:00</AttributeValue>
                </Apply>
                <Apply FunctionId="urn:oasis:names:tc:xacml:1.0:function:or">
                    <Apply FunctionId="urn:oasis:names:tc:xacml:1.0:function:string-equal">
                        <Apply FunctionId="urn:oasis:names:tc:xacml:1.0:function:string-one-and-only">
                            <AttributeDesignator AttributeId="http://wso2.org/identity/user/user-store-domain" Category="http://wso2.org/identity/user" DataType="http://www.w3.org/2001/XMLSchema#string" MustBePresent="true"/>
                        </Apply>
                        <AttributeValue DataType="http://www.w3.org/2001/XMLSchema#string">USERSTORE_1</AttributeValue>
                    </Apply>
                    <Apply FunctionId="urn:oasis:names:tc:xacml:1.0:function:string-equal">
                        <Apply FunctionId="urn:oasis:names:tc:xacml:1.0:function:string-one-and-only">
                            <AttributeDesignator AttributeId="http://wso2.org/identity/user/user-store-domain" Category="http://wso2.org/identity/user" DataType="http://www.w3.org/2001/XMLSchema#string" MustBePresent="true"/>
                        </Apply>
                        <AttributeValue DataType="http://www.w3.org/2001/XMLSchema#string">USERSTORE_2</AttributeValue>
                    </Apply>
                </Apply>
            </Apply>
        </Condition>
    </Rule>
    <Rule Effect="Deny" RuleId="deny_others"/>
</Policy>