<Policy xmlns="urn:oasis:names:tc:xacml:3.0:core:schema:wd-17"  PolicyId="provisioning_time_and_user_claim_based_policy_template" RuleCombiningAlgId="urn:oasis:names:tc:xacml:1.0:rule-combining-algorithm:first-applicable" Version="1.0">
    <Description>This template policy provides ability to authorize provisioning requests initiated from a given service provider(defined by SP_NAME) to a given identity provider(defined by IDP_NAME) in the outbound provisioning flow based on the claim values of the user (CLAIM_URI_1=CLAIM_VALUE_1 and CLAIM_URI_2=CLAIM_VALUE_2) and time of the day (eg. between 09:00:00 to 17:00:00). Provisioning attempts to the users with the given claim values between the given time will be allowed and all others will be denied.</Description>
    <Target>
        <AnyOf>
            <AllOf>
                <Match MatchId="urn:oasis:names:tc:xacml:1.0:function:string-equal">
                    <AttributeValue DataType="http://www.w3.org/2001/XMLSchema#string">SP_NAME</AttributeValue>
                    <AttributeDesignator AttributeId="http://wso2.org/identity/sp/sp-name" Category="http://wso2.org/identity/sp" DataType="http://www.w3.org/2001/XMLSchema#string" MustBePresent="false"></AttributeDesignator>
                </Match>
                <Match MatchId="urn:oasis:names:tc:xacml:1.0:function:string-equal">
                    <AttributeValue DataType="http://www.w3.org/2001/XMLSchema#string">IDP_NAME</AttributeValue>
                    <AttributeDesignator AttributeId="http://wso2.org/identity/idp/idp-name" Category="http://wso2.org/identity/idp" DataType="http://www.w3.org/2001/XMLSchema#string" MustBePresent="false"></AttributeDesignator>
                </Match>
                <Match MatchId="urn:oasis:names:tc:xacml:1.0:function:string-equal">
                    <AttributeValue DataType="http://www.w3.org/2001/XMLSchema#string">provisioning</AttributeValue>
                    <AttributeDesignator AttributeId="http://wso2.org/identity/identity-action/action-name" Category="http://wso2.org/identity/identity-action" DataType="http://www.w3.org/2001/XMLSchema#string" MustBePresent="false"></AttributeDesignator>
                </Match>
            </AllOf>
        </AnyOf>
    </Target>
    <Rule Effect="Permit" RuleId="permit_by_claims_and_time_when_create">
        <Target>
            <AnyOf>
                <AllOf>
                    <Match MatchId="urn:oasis:names:tc:xacml:1.0:function:string-equal">
                        <AttributeValue DataType="http://www.w3.org/2001/XMLSchema#string">POST</AttributeValue>
                        <AttributeDesignator AttributeId="http://wso2.org/identity/provisioning/provision-operation" Category="http://wso2.org/identity/provisioning" DataType="http://www.w3.org/2001/XMLSchema#string" MustBePresent="true"></AttributeDesignator>
                    </Match>
                </AllOf>
            </AnyOf>
        </Target>
        <Condition>
            <Apply FunctionId="urn:oasis:names:tc:xacml:1.0:function:and">
                <Apply FunctionId="urn:oasis:names:tc:xacml:2.0:function:time-in-range">
                    <Apply FunctionId="urn:oasis:names:tc:xacml:1.0:function:time-one-and-only">
                        <AttributeDesignator AttributeId="urn:oasis:names:tc:xacml:1.0:environment:current-time" Category="urn:oasis:names:tc:xacml:3.0:attribute-category:environment" DataType="http://www.w3.org/2001/XMLSchema#time" MustBePresent="true"></AttributeDesignator>
                    </Apply>
                    <AttributeValue DataType="http://www.w3.org/2001/XMLSchema#time">09:00:00</AttributeValue>
                    <AttributeValue DataType="http://www.w3.org/2001/XMLSchema#time">17:00:00</AttributeValue>
                </Apply>
                <Apply FunctionId="urn:oasis:names:tc:xacml:1.0:function:and">
                    <Apply FunctionId="urn:oasis:names:tc:xacml:1.0:function:string-equal">
                        <Apply FunctionId="urn:oasis:names:tc:xacml:1.0:function:string-one-and-only">
                            <AttributeDesignator AttributeId="CLAIM_URI_1" Category="http://wso2.org/identity/user" DataType="http://www.w3.org/2001/XMLSchema#string" MustBePresent="true"></AttributeDesignator>
                        </Apply>
                        <AttributeValue DataType="http://www.w3.org/2001/XMLSchema#string">CLAIM_VALUE_1</AttributeValue>
                    </Apply>
                    <Apply FunctionId="urn:oasis:names:tc:xacml:1.0:function:string-equal">
                        <Apply FunctionId="urn:oasis:names:tc:xacml:1.0:function:string-one-and-only">
                            <AttributeDesignator AttributeId="CLAIM_URI_2" Category="http://wso2.org/identity/user" DataType="http://www.w3.org/2001/XMLSchema#string" MustBePresent="true"></AttributeDesignator>
                        </Apply>
                        <AttributeValue DataType="http://www.w3.org/2001/XMLSchema#string">CLAIM_VALUE_2</AttributeValue>
                    </Apply>
                </Apply>
            </Apply>
        </Condition>
    </Rule>
    <Rule Effect="Permit" RuleId="permit_by_claims_when_update">
        <Target>
            <AnyOf>
                <AllOf>
                    <Match MatchId="urn:oasis:names:tc:xacml:1.0:function:string-equal">
                        <AttributeValue DataType="http://www.w3.org/2001/XMLSchema#string">PUT</AttributeValue>
                        <AttributeDesignator AttributeId="http://wso2.org/identity/provisioning/provision-operation" Category="http://wso2.org/identity/provisioning" DataType="http://www.w3.org/2001/XMLSchema#string" MustBePresent="true"></AttributeDesignator>
                    </Match>
                </AllOf>
            </AnyOf>
        </Target>
        <Condition>
            <Apply FunctionId="urn:oasis:names:tc:xacml:1.0:function:and">
                <Apply FunctionId="urn:oasis:names:tc:xacml:2.0:function:time-in-range">
                    <Apply FunctionId="urn:oasis:names:tc:xacml:1.0:function:time-one-and-only">
                        <AttributeDesignator AttributeId="urn:oasis:names:tc:xacml:1.0:environment:current-time" Category="urn:oasis:names:tc:xacml:3.0:attribute-category:environment" DataType="http://www.w3.org/2001/XMLSchema#time" MustBePresent="true"></AttributeDesignator>
                    </Apply>
                    <AttributeValue DataType="http://www.w3.org/2001/XMLSchema#time">09:00:00</AttributeValue>
                    <AttributeValue DataType="http://www.w3.org/2001/XMLSchema#time">17:00:00</AttributeValue>
                </Apply>
                <Apply FunctionId="urn:oasis:names:tc:xacml:1.0:function:and">
                    <Apply FunctionId="urn:oasis:names:tc:xacml:1.0:function:string-equal">
                        <Apply FunctionId="urn:oasis:names:tc:xacml:1.0:function:string-one-and-only">
                            <AttributeDesignator AttributeId="CLAIM_URI_1" Category="http://wso2.org/identity/user" DataType="http://www.w3.org/2001/XMLSchema#string" MustBePresent="true"></AttributeDesignator>
                        </Apply>
                        <AttributeValue DataType="http://www.w3.org/2001/XMLSchema#string">CLAIM_VALUE_1</AttributeValue>
                    </Apply>
                    <Apply FunctionId="urn:oasis:names:tc:xacml:1.0:function:string-equal">
                        <Apply FunctionId="urn:oasis:names:tc:xacml:1.0:function:string-one-and-only">
                            <AttributeDesignator AttributeId="CLAIM_URI_2" Category="http://wso2.org/identity/user" DataType="http://www.w3.org/2001/XMLSchema#string" MustBePresent="true"></AttributeDesignator>
                        </Apply>
                        <AttributeValue DataType="http://www.w3.org/2001/XMLSchema#string">CLAIM_VALUE_2</AttributeValue>
                    </Apply>
                </Apply>
            </Apply>
        </Condition>
    </Rule>
    <Rule Effect="Deny" RuleId="deny_others"></Rule>
</Policy>
