<Policy xmlns="urn:oasis:names:tc:xacml:3.0:core:schema:wd-17"  PolicyId="provisioning_role_based_policy_template" RuleCombiningAlgId="urn:oasis:names:tc:xacml:1.0:rule-combining-algorithm:first-applicable" Version="1.0">
    <Description>This template policy provides ability to authorize provisioning requests initiated from a given service provider(defined by SP_NAME) to a given identity provider(defined by IDP_NAME) in the outbound provisioning flow based on the roles of the user (ROLE_1, ROLE_2). Provisioning attempts to the users with given role(s) will be allowed and all others will be denied.</Description>
    <Target>
        <AnyOf>
            <AllOf>
                <Match MatchId="urn:oasis:names:tc:xacml:1.0:function:string-equal">
                    <AttributeValue DataType="http://www.w3.org/2001/XMLSchema#string">SP_NAME</AttributeValue>
                    <AttributeDesignator AttributeId="http://wso2.org/identity/sp/sp-name" Category="http://wso2.org/identity/sp" DataType="http://www.w3.org/2001/XMLSchema#string" MustBePresent="false"></AttributeDesignator>
                </Match>
                <Match MatchId="urn:oasis:names:tc:xacml:1.0:function:string-equal">
                    <AttributeValue DataType="http://www.w3.org/2001/XMLSchema#string">IDP_NAME</AttributeValue>
                    <AttributeDesignator AttributeId="http://wso2.org/identity/idp/idp-name" Category="http://wso2.org/identity/idp" DataType="http://www.w3.org/2001/XMLSchema#string" MustBePresent="false"></AttributeDesignator>
                </Match>
                <Match MatchId="urn:oasis:names:tc:xacml:1.0:function:string-equal">
                    <AttributeValue DataType="http://www.w3.org/2001/XMLSchema#string">provisioning</AttributeValue>
                    <AttributeDesignator AttributeId="http://wso2.org/identity/identity-action/action-name" Category="http://wso2.org/identity/identity-action" DataType="http://www.w3.org/2001/XMLSchema#string" MustBePresent="false"></AttributeDesignator>
                </Match>
            </AllOf>
        </AnyOf>
    </Target>
    <Rule Effect="Permit" RuleId="permit_by_role_when_create">
        <Target>
            <AnyOf>
                <AllOf>
                    <Match MatchId="urn:oasis:names:tc:xacml:1.0:function:string-equal">
                        <AttributeValue DataType="http://www.w3.org/2001/XMLSchema#string">POST</AttributeValue>
                        <AttributeDesignator AttributeId="http://wso2.org/identity/provisioning/provision-operation" Category="http://wso2.org/identity/provisioning" DataType="http://www.w3.org/2001/XMLSchema#string" MustBePresent="true"></AttributeDesignator>
                    </Match>
                </AllOf>
            </AnyOf>
        </Target>
        <Condition>
            <Apply FunctionId="urn:oasis:names:tc:xacml:1.0:function:or">
                <Apply FunctionId="urn:oasis:names:tc:xacml:1.0:function:string-is-in">
                    <AttributeValue DataType="http://www.w3.org/2001/XMLSchema#string">ROLE_1</AttributeValue>
                    <AttributeDesignator AttributeId="http://wso2.org/identity/provisioning/claim-group" Category="http://wso2.org/identity/provisioning" DataType="http://www.w3.org/2001/XMLSchema#string" MustBePresent="true"></AttributeDesignator>
                </Apply>
                <Apply FunctionId="urn:oasis:names:tc:xacml:1.0:function:string-is-in">
                    <AttributeValue DataType="http://www.w3.org/2001/XMLSchema#string">ROLE_2</AttributeValue>
                    <AttributeDesignator AttributeId="http://wso2.org/identity/provisioning/claim-group" Category="http://wso2.org/identity/provisioning" DataType="http://www.w3.org/2001/XMLSchema#string" MustBePresent="true"></AttributeDesignator>
                </Apply>
            </Apply>
        </Condition>
    </Rule>
    <Rule Effect="Permit" RuleId="permit_by_role_when_update">
        <Target>
            <AnyOf>
                <AllOf>
                    <Match MatchId="urn:oasis:names:tc:xacml:1.0:function:string-equal">
                        <AttributeValue DataType="http://www.w3.org/2001/XMLSchema#string">PUT</AttributeValue>
                        <AttributeDesignator AttributeId="http://wso2.org/identity/provisioning/provision-operation" Category="http://wso2.org/identity/provisioning" DataType="http://www.w3.org/2001/XMLSchema#string" MustBePresent="true"></AttributeDesignator>
                    </Match>
                </AllOf>
            </AnyOf>
        </Target>
        <Condition>
            <Apply FunctionId="urn:oasis:names:tc:xacml:1.0:function:or">
                <Apply FunctionId="urn:oasis:names:tc:xacml:1.0:function:string-is-in">
                    <AttributeValue DataType="http://www.w3.org/2001/XMLSchema#string">ROLE_1</AttributeValue>
                    <AttributeDesignator AttributeId="http://wso2.org/claims/role" Category="http://wso2.org/identity/user" DataType="http://www.w3.org/2001/XMLSchema#string" MustBePresent="true"></AttributeDesignator>
                </Apply>
                <Apply FunctionId="urn:oasis:names:tc:xacml:1.0:function:string-is-in">
                    <AttributeValue DataType="http://www.w3.org/2001/XMLSchema#string">ROLE_2</AttributeValue>
                    <AttributeDesignator AttributeId="http://wso2.org/claims/role" Category="http://wso2.org/identity/user" DataType="http://www.w3.org/2001/XMLSchema#string" MustBePresent="true"></AttributeDesignator>
                </Apply>
            </Apply>
        </Condition>
    </Rule>
    <Rule Effect="Deny" RuleId="deny_others"></Rule>
</Policy>